Nama Produk,Komentar,Penilaian
SAMBAL CUMI ASIN MR. CRISPY,"Rasanya bikin mau nambah terusss pedes asin nya tuh passs cumi nya enak bgt, pas bgt emang top dehh",5
SAMBAL CUMI ASIN MR. CRISPY,"Packing dan pengiriman cukup cepat. Packaging nya bagus dan kokoh, segel kaleng jg gitu bentuknya. Gurih, pedas, enak dan harganya jg oke. Pasti order lagi nanti ",5
SAMBAL CUMI PETE MR. CRISPY,"Packingnya higienis, packing sgt bagus. Semoga makin lancar usahanya. Thx ya.",5
SAMBAL CUMI ASIN MR. CRISPY,"Recommend seller pokonya, classy batt, packingnya super aman, rasanya masyaAllah, cuminya juga enggak pelit, pasukan 12.12 aman",5
SAMBAL NAGIH - ANEKA SAMBAL ICIP ICIP VARIASI BAWANG ICIP 35 GR,"Pengemasan aman dan cepat, packaging produk pun aman. Thx ya semoga berkah",5
SAMBAL NAGIH - ANEKA SAMBAL ICIP ICIP VARIASI CABE IJO ICIP 35 GR,Produk original Harga produk lumayan tidak bikin kantong bolong Ini pembelian ke dua dengan berbeda rasa,5
SAMBAL NAGIH - ANEKA SAMBAL ICIP ICIP VARIASI ROA ICIP 35 GR,Kukira di kasih buble eh gak Alhamdulillah gk bocor pengemasan baik cuma pas nyobain yg cumi nyagrek bgt bawangnya kukira cuminya bnyk ternyata satu cumi di potong 5 bagian sambel roa blm di coba semog beda rasanya dan lebih endolita,5
SAMBEL MERTUA - SAMBEL BAWANG LEVEL 5,Gila rasanya mantap banget! pengiriman dan respon penjual juga cepat!,5
SAMBEL MERTUA - SAMBEL BAWANG LEVEL 5,"Tidak akan sia-sia berkali-kali order ""Sambel Mertua"" ini, dari yg ga nafsu makan jadi doyan makan karena sambelnya mak nyusss",5
"Sambal Sassi - SAMBAL KOREK (Sambal Bawang), isi 135gr",Sambal korek enak utk makan tempe atau ikan pake nasi hangat. Packaging oke bgt ga tumpah tumpah,5
"Sambal Sassi - SAMBAL KOREK (Sambal Bawang), isi 135gr","Sambelnya enak , dan tempatnya pun aman di kirm jauh gak bocor",5
AFS SAMBAL SACHET - VARIASI: IKAN CAKALANG,"Sukaaa, pengen beli tapi nyoba yang ini dulu, rupanya enak. Next beli lebih banyak tengkyuuuuu",5
AFS SAMBAL SACHET - VARIASI: IKAN CAKALANG,"Alhamdulillah pesanan sampai.. Bungkusan.y sangat rapi,, maaf baru kasih nilai krna sibuk.. Bagiku yg g' begitu suka pedas.. Sambal ini bener"" pedes bgt enak...",5
AFS SAMBAL SACHET - VARIASI: BAWANG,Dapet baby gold dong udh pemasan yang ke 7 kali langsung pesan 200pcs udah gak ragu lagi dong dengan rasa dan kualitas nya loppp loppp the best banget sih ini sambel nya,5
AFS SAMBAL SACHET - VARIASI: TERI MEDAN,"Ini udah kedua kalinya order dan enak banget, cocok di lidah. Apalagi pedesnya yang waw, bikin nagih. Bakal langganan nih kayaknya",5
"SamBhojo - Sambal Sachet 20gr, Variasi: Sambal Baby cumi,Jinak",Enak sambelnya ada baby cuminya lumayan terus ga pelit sih isinya pengiriman jg cpt bngt pesan langsung dikirim trimakasih sambal bojoâ˜ºï¸,5
"SamBhojo - Sambal Sachet 20gr, Variasi: Sambal Baby cumi,Jinak","Maap baru kasih penilaian, udah 2X beli sambal disini, rasanya enak banget recommended banget buat yang suka sambal, pokoknya mantep dan rasanya nampol, terimakasih",5
Sambal Bawang Bu Rudy,"Packaging nya rapih dan aman. Selain Di laapisin dengan buble wrap,produk juaga di bungkus dengan kardus. Sehingga produk yang di kirim aman selama proses pengiriman. Kualitas oke dan harga relatif. Rasa nya enak dan pedas.",5
SAMBAL PETAI MR. CRISPY,"Sambel pete nya sudah saya terima dengan baik dan bagus, semoga rasanya enak deh, karena saya belom buka",3
SAMBAL CUMI ASIN MR. CRISPY,Rasanya mnrt sy biasa aja kalo ini. Hny pedas dan asin aja. Pelayanan seller selalu baik dan gercep..,3
SAMBAL CUMI ASIN MR. CRISPY,"Beliin ini buat suami, katanya sambel cuminya rasanya enak, cocok di lidah dia, tipe yg gurih gk begitu pedes. Potongannya gede gede tapi cuma SEDIKIT untuk harga segitu, jadi ngga worth banget, sekaleng cuma bisa buat 2x makan doang. Mending beli di warteg aja harga segitu pasti dapet banyak",3
SAMBAL CUMI ASIN MR. CRISPY,"Pengiriman brg cukup lama,rasa sambalnya blm coba sih,cuman kelihatan terlalu berminyak,trimakasih penjual.",3
SAMBAL CUMI PETAI MR. CRISPY,"Untk kemasannya bagus ya,cm untk rasa biasa aj, sambel cumi pete biasanya tuh rasanya medok bau & rasa pete cumi, tpi ini biasa aja kurng gurih,pete & cuminya sdkit",3
SAMBAL CUMI ASIN MR. CRISPY,Cm kok g sesuai poto ya.. cuminya dipoto potongan bulat2 gt kak.. ini sprti baby cumi ya.. its oke bngett tpi sambalnya.. thanks kak,3
SAMBAL CUMI ASIN MR. CRISPY,"sambel ijo rasanya pait,ga pedes,asin,warnanya juga item beda jauh ama yg di gambar promosi nya. yg cumi asin rasanyapedesnya dikit,kebanyakan minyak aja semua, cuminya jg dikit,kirain bkln se enak itu.di perbaiki lagi deh rasanya,iya tau sesuai harga yg kebilang lmyn murah mi,cmn klo gini mah mau di mkn pun males,di buang mubazir,bungkusnya aja yg bagus masa.ğŸ¤§",3
SAMBAL CUMI PETAI MR. CRISPY,"Baru pertama kali beli, ga baca isinya brp gram ternyata cm 120g kirain 200g. Lumayan mahal untuk harga sgtu karna isinya dikit. Tp pengenasannya bagus sih dan cepet bgt dikirimnya",3
SAMBAL CUMI PETAI MR. CRISPY,"Kiriman cpt, kemasan bagus rapi higienis, rasa enak, cuma yg sambel jengkolnya asem basi...mohon dicek sblm kirim...pdhl sy sengaja kirim pake gojek biar gk kelamaan dipengiriman",3
SAMBAL CUMI PETAI MR. CRISPY,"Rasanya enak. packing oke. Cuminya imut-imut, pete tak nampak, lumayanlahğŸ¤­. Cocok untuk teman nasi hangat.",3
"SAMBAL NAGIH - SAMBAL MATAH TOPLES, Variasi: Toples Kaca 150gr","Pengiriman cepat, tapi pas sampai kotaknya basah lepek semua gatau bocor atau gimana. Isinya jg sedikit ternyata ya, belum dicoba semoga enak dan ga basi kaya review orang2 disini sayang soalnya beli 2..",3
"SAMBAL NAGIH - SAMBAL MATAH TOPLES, Variasi: Toples Kaca 150gr","Biasa aja sih.... Wadahnya gede bangettt, sambelnya too oily. Pengiriman cepet bgt ğŸ‘",3
"SAMBAL NAGIH - SAMBAL MATAH TOPLES, Variasi: Toples Kaca 250gr",Pengiriman lama. 10 hari Jd pas sambal sampai udah mulai ada uapnya gitu.,3
"SAMBAL NAGIH - SAMBAL MATAH TOPLES, Variasi: Pakai Toples",Kalau sambal matahnya bagi lidah saya terlalu banyak perasan jeruknya jadi kecut,3
"SAMBAL NAGIH - SAMBAL MATAH TOPLES, Variasi: Toples 200gr",Rasanya enak cuman kepedesann,3
"SAMBAL NAGIH - SAMBAL MATAH TOPLES, Variasi: Toples 200gr","Rasanya tidak sesuai ekspektasi, tp lumayan pedas",3
"SAMBAL NAGIH - SAMBAL MATAH TOPLES, Variasi: Sachet ",Terimakasih kak ..barang Uda sampai ğŸ‘ğŸ‘ğŸ‘tapi sayang sekali Uda exp by tgl 13 Des 2020 ..gmna ini kak .. ternyata kecil ..ğŸ˜”ğŸ˜”ğŸ˜”,3
"SAMBAL NAGIH - SAMBAL MATAH TOPLES, Variasi: Toples 250gr",Kualitas ga fresh kek baru di buat karena pengiriman ya,3
"SAMBAL NAGIH - SAMBAL CUMI ASIN TOPLES, Variasi: Toples 200gr","KURIRNYA SANGAT PARAH, bahkan barang dr luar negri duluan datang. PADAHAL UDAH SAMPE MEDAN DARI TANGGAL 14, MASA 5 HARI LAGI BARU SAMPE, KE UJUNG DUNIA YA",3
"SAMBAL NAGIH - SAMBAL CUMI ASIN TOPLES, Variasi: Toples 200gr","Rasanya B aja ternyata, ga seenak yg dibayangkan, soalnya pernah makan yg lebih enak dr ini sih, tp packaging nya bagus",3
"SAMBAL NAGIH - SAMBAL CUMI ASIN TOPLES, Variasi: Toples 250gr","Syg sekali pas dtg, paket dlm keadaan minyak tumpah. Tp ttp sy terima krna malas utk komplain dgn kurir. Overall, smoga kedepan nnti lebih aman..",3
"SAMBAL NAGIH - SAMBAL CUMI ASIN TOPLES, Variasi: Toples 200gr","Sangat Pedas. Gak cocok buat saya yang selera nya pedas manis. Sumpah Pedas Banget. Keringet ku sampe bocor. Saya apresiasi untuk packing nya double bubble wrap. Dus nya di Bubblewrap, kalengnya juga di Bubble wrap. Tapi untuk rasanya, maaf sekali, sangat pedas buat saya.",3
Sambal Bawang Bu Rudy,"Menurutku kurang gurih sedikit, packaging bagus, sambel ga tumpah, lumayan buat stok dirumah, pengiriman agak lama",3
Sambal Bawang Bu Rudy,"Sambal maknyossss sudah beberapa kali pesan,, packaging oke pake bubble wrap segala",3
Sambal Bawang Bu Rudy,Lebih berasa kecut asemnya gatau emg kayak gini atau pas ini aja rasanya lbh brasa sambel tomat asem drpd bawang yg biasanya gurih asin pedes,3
Sambal Bawang Bu Rudy,Pengiriman lama dari produksi sudah 7 hari.tidak tau masih enak tidak.belum di coba.pengemas an sih aman tidak tumpah.tp sampai lama.,3
Sambal Bawang Bu Rudy,Rasanya asam kayanya kelamaan di perjalanan prod aja 10 des diterima 16des.. jadi asam di makannya,3
Sambal Bawang Bu Rudy,"Entah knp dpt 2 sambel yg rasanya dan bau nya udh gaenak alias asem gitu, pas chat adminnya masa klo mau retur ongkir ditanggung pembeli kan agak shock gt ya wkwk pas dichat lg mlh gadibales jd udh mls bgt untung yg 2 botol lain rasanya enak HHH",3
Sambal Bawang Bu Rudy,pengiriman cepat dan packing jg aman. tp kecewa dengan udangnya. krn ragu sdh chat langsung ke admin dan admin jawab kalo besar 150gr. ternyata pas dtg di wadahnya tulisannya 115gr. lain kali tolong admin jangan kasih info yg tdk benar ya. tq.,3
Sambal Bawang Bu Rudy,paket diterima sesuai pesanan. beli 2 botol yg 1 botol ga ada segel nya dan bocor. tlg lbh diperhatikan. udh isinya dikit terus bocor,3
Sambal Bawang Bu Rudy,"Pesanan pertama 4pcs di packing dengan kardus sambal bu rudy, sampai di tempat selamat tanpa penyok, pesanan kedua ini pesan tiga dipacking cuma pakai kardus tipis ga di bubble wrap..alhasil penyok.. tolong diperhatikan lagi packingnya.. surabaya ke jakarta kan jauh, masa packingnya cuma begitu ğŸ˜£ğŸ™ˆ",3
Sambal Bawang Bu Rudy,"Cepat sampai,tapi packingnya tidak seperti biasanya. Tidak ada bubble wrap yang melapisi, jadi ada yg bocor sedikit. Semoga makin baik kedepannya. Terima kasihğŸ˜",3
Sambal Bawang Bu Rudy,Pengiriman ke Jakarta cepat.. tapi sayang sambal yg dikirim made date nya 18-juni-22 dan 20-jun-22 (pemesanan 21-jun-22),3
Sambal Bawang Bu Rudy,saya pesan 1 kenapa dikirim 3 sambel bawangnya tolong dibenahi lagi yaaaa merugikan cust untung ga permasalahkan taste karena sudah tau bu rudy,3
Sambal Bawang Bu Rudy,"Dari segi packaging rapi banget, kualitas juga oke lah, nilainya gak tinggi karena masalah selera aja sih",3
"SamBhojo - Sambal Sachet 20gr, Variasi: Sambal Tomat Bawang,Jinak","Lumayanlah bagi yg suka pedes2, wajib coba ya",3
"SamBhojo - Sambal Sachet 20gr, Variasi: Sambal Bawang Pete,Galak","Pengiriman cepat, paket di bungkus dg rapat n aman di sertai double wrap. Untuk sambalnya kebanyakan minyak, menurutQ enggak pedesÂ² amat. Wort it lah untuk harga segitu.",3
"SamBhojo - Sambal Sachet 20gr, Variasi: Roa Asap,Jinak","Baru nyoba yg roa, udang sama teri Kl yg roa rasanya kurang mantap ya bun Kl yg udang udah enak tp kurang nendang Kl yg teri enak",3
"SamBhojo - Sambal Sachet 20gr, Variasi: Sambal terasi pete,Galak","Rasanya agak kurang berasa, mungkin ga cocok sama lidah saya.",3
"SamBhojo - Sambal Sachet 20gr, Variasi: Sambal udang,Galak","Sambal diterima dalam keadaan baik. Jumlah sesuai, tetapi variasinya ndak sesuai. Rasanya enak, lumayan pedes juga. Cukup kecewa karena yg dikirim tdk sesuai dgn yg dipesan.",3
"SamBhojo - Sambal Sachet 20gr, Variasi: Roa Asap,Jinak","iseng2 coba, ternyata lumayan sih enak cuma oily sekali, packaging jg aman produk sampai tanpa ada kebocoran, pedesnya mantap megap2",3
"SamBhojo - Sambal Sachet 20gr, Variasi: Sambal Baby cumi,Galak","Baru banget sampe langsung aku makan. Untuk varian baby cumi rasanya lebih ke asin ya jadi harus pake nasi, kalo yg paru di gado pun enakkkk karna rasanya pas juga ga begitu pedes.",3
"SamBhojo - Sambal Sachet 20gr, Variasi: Sambal Baby cumi,Jinak","Ini jujur ya sesuai yg saya dapat , rasanya agak asin , minyak nya banyak , isi nya harga segitu kemahalan menurutku ,pengemasan bagus, kualitas nya di bagus in lagi ya kak , pengemasan 2 day , ini kU kasi bintang 3 dulu makasih :)",3
"SamBhojo - Sambal Sachet 20gr, Variasi: Sambal Bawang,Galak","Packing aman , engga bocor . Soal rasa kurang cocok dilidah aku , kayak agak gimana gitu rasanya . Sambal parunya sih isinya mayan banyak . Sebelom beli yang gede sih recomend beli yang kecil dulu . Biar tau cocok dilidah kalian apa engga. Karna enak kan relatif yaa.",3
"SamBhojo - Sambal Sachet 20gr, Variasi: Roa Asap,Jinak","Di tempat langganan sambelnya dimakan sama nasi aja jg jadi, tp aku penasaran sama tempat lain jd cobain ini, ini mah beneran sambel aja ga bisa jadi lauk Apa ya, kering, terus cabenya doang banyak isinya (teri/roa) ga berasa di aku mah",3
"SamBhojo - Sambal Sachet 20gr, Variasi: Sambal Bawang Tomat,Galak","Untuk ukuran lebih kecil dari ekspektasi saya, cuman kemasan oke, namun yg saya sayangkan, kenapa rasanya pedas saja, mksd saya ini benar2 hanya pedas tidak gurih/asin, tipis banget rasa gurih/asinnya jd ini kek lombok diulek aja gitu, ini pendapat saya ya..",3
"SamBhojo - Sambal Sachet 20gr, Variasi: Sambal Baby cumi,Jinak",kalau untuk sambal bawangnya lumayan. sambal parunya pedes banget. sambal cumi lumayan cmn gk ada isinya.. OVERALL rasa nya sama semua. cmn beda di isi.,3
"Eatsambel - Paket Favorit Mas Yangun, Variasi: CUMI-CKL-AYM [120GR]","Untuk pengiriman cepat dan barang sampai dengan selamat. Tetapi isi sambel tidak sesuai ekspetasi. Isi sambelnya tidak ada setengah kaleng padahal baru sampek dan lanngsung kita buka, belum di makan juga. Semoga untuk pesanan berikutnya tolong di banyakin sambelnya sesuai dengan isinya. Liat review yang lain kaleng penuh. Terima kasih sebelumnya",3
"Eatsambel - Paket Favorit Mas Yangun, Variasi: CUMI-CKL-AYM [120GR]","Sorry to say mas yangun.. packaging okee banget. Marketing ga di ragukan lagii.. tapi menurut aku rasanya ada yang kurang jd cenderung biasa saja.. dilidahku juga masuk ga pedes sama sekali. Ayam suir, cakalang sama cumi nya oke banget potongannya besar2. Cakalang candu nya yg aku terima cukup kering, kurang nendang rasanya dan kurang memorable di lidah",3
"Eatsambel - Paket Favorit Mas Yangun, Variasi: CUMI-CKL-AYM [120GR]",Paket sptnya terburu-buru dikemas sehingga ada yg bocor.,3
"Eatsambel - Paket Favorit Mas Yangun, Variasi: CUMI-CKL-AYM [120GR]","Tutupnya terlalu besar dari pada tempatnya, untuk packing awal datang bagus dan rasanya memang enak tapi setalh di buka 1 hari sudah mulai berubah dan 2 hari sudah mulai kurang kualitas cita rasanya karena tutup nya terlalu besar daripada wadahnya, saya baru pertama kali order memang untuk hanya sekali makan atau memang desainnya seperti itu untuk packny",3
"Eatsambel - Paket Favorit Mas Yangun, Variasi: CUMI-CKL-AYM [120GR]","Mungkin beda selera, kalau saya sih kurang sukak, maaf admin. Semoga semakin baik dan sukses ğŸ‘Œ",3
"Eatsambel - Paket Favorit Mas Yangun, Variasi: CUMI-CKL-AYM [120GR]","Enak sihhh tpi jujur cuminya dikit banget tidak seperti direview artis2 :( Kayanya kalau mau direview cuminya dibanyakin ini malah ke customer dikit bgt, cuma nemu 3-4 potong cumi kecil di dalam sambel",3
"Eatsambel - Paket Favorit Mas Yangun, Variasi: CUMI-CKL-AYM [120GR]","Banyak minyak, b aja tidak seperti yang di bayang kan. Pengiriman di jalan lama banget harusnya diberikan opsi pilihan pengiriman lain.",3
"Eatsambel - Paket Favorit Mas Yangun, Variasi: CUMI-CKL-AYM [120GR]","Sayang bgt tumpah gt, jdnya minyak semua pas dibuka, kaleng penutupnya jg bengkok mungkin karena dr ekspedisi, smga lebih hati hati lg",3
"Eatsambel - Paket Favorit Mas Yangun, Variasi: CUMI-CKL-AYM [120GR]",Saking penasarannya gue pesen. Untuk rasa jujurly biasa aja.. ayam suwir dan cakalangnya keras buat gigi saya. Yg better cumi nya. SekianğŸ˜Š,3
"Eatsambel - Paket Favorit Mas Yangun, Variasi: CUMI-CKL-AYM [120GR]","Ini pemesanan kedua saya, sambel nya enak, packing nya bagus, tapi saya kecewa karna sambel nya cuma sedikit (setengah botol). Pertama kali saya pesan, botol nya penuh dan tidak ada masalah sama sekali, pemesanan sekarang padahal cuma beda lokasi antar nya saja, karna itu saya beri bintang 3, semoga seller bisa merespon komentar saya. Terimakasih",3
"Eatsambel - Paket Favorit Mas Yangun, Variasi: CUMI-CKL-AYM [120GR]","Baru pertama kali coba sih , awalnya aku kira bakalan beda dari sambel sambel biasanya tapi nyatanya sama aja kayak sambel tapi karna isi pilihan isiannya jadi tergantung isinya sih menentukan enak atau enggaknya , jujur bagiku kayak sambel biasanya gitu sihğŸ™ğŸ™ğŸ‘",3
"Sambal cakalang lona kitchen, Variasi: Pedas normal
","Kualitas:  banyak minyak, difoto yg sambal ijo tp udh coba yg cakalang berminyak dan ga berasa apa apa ",3
"Sambal cakalang lona kitchen, Variasi: Extra Pedas
","Seler nya gk teliti pesanan saya slh,kok d krm samabal cakalng semua ",3
"Sambal cakalang lona kitchen, Variasi: Extra Pedas
",kurang suka ada daun jeruk nya,3
Sambal Naknan Bawang Level 3,"Hanya pengemasan yg kurang bagus,karna pada saat sampai bocor.",3
Sambal Naknan Sachet ,"Respon seller ok, barang yg di terima sesuai, pengiriman yg lama, yg lainny oke lah",3
Sambal Naknan Sachet ,"Produk original, tidak ada yg bocor & harga bersaing. Hanya saja, atitude seller dalam membalas pesan kurang baik. Sy order stgh 10 pagi, baru diproses jam 2. Poin seller betul bahwa apabila sy mau yg cepat memesan ojol instant. Tapi, alangkah lebih baiknya kalau menjawab ke cust lebih sopan.",3
Paket Isi 10 Sachet Naknan Sambal Bawang ,"pengemasan cepat, walaupun lebaran tetap dikirim, lama pengiriman dr jatim ke jateng 2 harian, packing rapet. ada cashback, tapi packagingnya ga expect bakal semini ini, 3 sachet habis dlm sekali makan saja, jd kurang worth it dg harga segitu, mending beli yg botolan walau mahalan dikit, rasa standar",3
Paket Isi 10 Sachet Naknan Sambal Bawang ,Baru sampai sambalnya terimakasih belum tak coba tp semoga rasanya cocok yaa,3
Paket Isi 10 Sachet Naknan Sambal Bawang ,ada yg bocor.. jadi beleberan kesemua..,3
"OSENG BALAYAR PAKET BALAYAR 3 VARIAN, Variasi: OMBAK (Pedas 50%)","Di keterangannya oseng DAGING SAPI tapi nyatanya pas di buka isinya oseng KIKIL SAPI, ga ada daging sapinya sama sekali semua isinya KIKIL sama sambel tok, kecewa si udh pngen nyobain dari lama tp yg dtng ga sesuai, sama aja pembohongan kalo gini, ga lagi2 order disini .",3
"OSENG BALAYAR PAKET BALAYAR 3 VARIAN, Variasi: OMBAK (Pedas 50%)",Saya kasih bintang 3 utk kemasannya yg sdh terbuka ujungnya...kalo rasanya rekomenlah...,3
"OSENG BALAYAR PAKET BALAYAR 3 VARIAN, Variasi: BADAI (Pedas 100%)","Kemasan kurang aman, pesanan saya terima dengan berlumuran minyak. Tingkat pedasnya emang lumayan, tapi rasanya biasa aja.",3
"OSENG BALAYAR PAKET BALAYAR 3 VARIAN, Variasi: BADAI (Pedas 100%)","Korban nya Fadil jaidi, rasanya mantullll, tapi sayang yg mercon pas sampe di panasin langsung asem rasanya ğŸ˜­ğŸ˜­",3
"OSENG BALAYAR PAKET BALAYAR 3 VARIAN, Variasi: BADAI (Pedas 100%)",Sebenernya enak pol tapi pedesnya bikin sakit perut lain x repurchase order gamau yang pedes banget huahğŸ¥µ,3
"OSENG BALAYAR PAKET BALAYAR 3 VARIAN, Variasi: OMBAK (Pedas 50%)","Lumayan, untuk ikanny suka bgt bumbuny enak. Cm untuk daging merconny ky ada asemnya gt rasanya. Klo untuk ayamny lumayan tp trllu pekat rasa dri si daun jerukny ğŸ˜‚ . Lebih enak yg ikansi menurutku .. cm untuk pedes yg OMBAK udh trmasuk pedes bgt ..",3
"OSENG BALAYAR PAKET BALAYAR 3 VARIAN, Variasi: BADAI (Pedas 100%)","Bandung ke bekasi sehari sampai, cepet banget, biasanya lama kalo ga jabodetabek. Rasa pedesnya enak kalo yg suka asin tambahin garam dikit lagi, isi dan cabenya banyak, sayang yg dagingnya alot krn dpt bagian otot, yg lain blm dicoba. Buat pecinta pedas wajib coba, bikin jontor dan moncor ğŸ¤£",3
"OSENG BALAYAR PAKET BALAYAR 3 VARIAN, Variasi: OMBAK (Pedas 50%)","Yg oseng mercon kcewa bgt isinya stengah daging stengah lemak, saran kdepannya daging smua aja, lemaknya ga usah kaka. Yg cakalang balado mantap, yg ayam palekko blm coba",3
"OSENG BALAYAR PAKET BALAYAR 3 VARIAN, Variasi: OMBAK (Pedas 50%)","Paket dateng dengan bungkusan udah kembung banget mau meledak:( rasa juga udah berubah huhu sedih bangettttt kelamaan di ekspedisi mumgkin, ga sempet kefoto karna langsung dipanasin.",3
"OSENG BALAYAR PAKET BALAYAR 3 VARIAN, Variasi: BADAI (Pedas 100%)","Pengiriman cepat, packing jg rapih.. pas td dibuka cabe nya wooow.. pas diliat ikannya isinya cm 2 doank yg gede nya.. yg sisanya g tau haha. Emg isinya dikit atau gmn, g tau jg saya br prtama cb. Smga enak y thank u",4
"OSENG BALAYAR PAKET BALAYAR 3 VARIAN, Variasi: OMBAK (Pedas 50%)","Dipackging sangat baik menggunakan wrap buble,",4
"OSENG BALAYAR PAKET BALAYAR 3 VARIAN, Variasi: OMBAK (Pedas 50%)","Packing rapi, emg lama tggu pengirimannya. Karna kita harus PO dulu. Blm dicoba sih, semiga enakkk. Racun fadil nih",4
"OSENG BALAYAR PAKET BALAYAR 3 VARIAN, Variasi: BADAI (Pedas 100%)","Kemarin pas pertama kali sampai tenyata makanannya rusak/basi, gatau makanan yg mana yg basi. Akhirnya hub admin via shopee dan lanjut ke ig sy kompalin sm makanan yg rusak, akhirnya di ganti dgn yg baru. Pas nyampe tnyt ayam palekko nya rusak lg (bkn rezeki sy) tp alhamdulillah yg 2 menu msh aman.",4
"OSENG BALAYAR PAKET BALAYAR 3 VARIAN, Variasi: OMBAK (Pedas 50%)","Untuk yg oseng daging mercon, dagingnya lumayan banyak. Kalo Cakalang isinya cuma 1 bagian ekor ikan kecil, ada suiran ikan dan daging sedikit. Yg rada kecewa ayam karena benerÂ² cuma setengah sayap kecil, sisanya ada tulangÂ² 3 potong yg dagingnya sedikit. Sambelnya enak & yg recommende daging mercon",4
"OSENG BALAYAR PAKET BALAYAR 3 VARIAN, Variasi: OMBAK (Pedas 50%)","Paket mendarat dengan selamat, penasaran pengen cepet cobain. Tapi yang ayam pedas palekko kemasan nya kembung banget. Kalo diliat dari komen2 disini sih yg kembung biasanya rasanya agak beda. Tapi Semoga ini ngga yaa huhu.",4
"OSENG BALAYAR PAKET BALAYAR 3 VARIAN, Variasi: OMBAK (Pedas 50%)",Enak pedess Bikiin nagih pedas nampol nambah nasi terus. Huh haaahhh huhh haaaahh ğŸ¤©,4
"OSENG BALAYAR PAKET BALAYAR 3 VARIAN, Variasi: OMBAK (Pedas 50%)",Paket sampai dg selamat tetapi ayam pedas palekkonya pecah tapi sepertinya gak terlalu banyak yg keluar gak samar buat coba aromanya enak banget,4
"OSENG BALAYAR PAKET BALAYAR 3 VARIAN, Variasi: BADAI (Pedas 100%)",Dear balayar.. Pesanan sudah sampai.. Sengaja baru beri penilaian karena mau di coba dulu... Oseng daging mercon sudah dicoba.. Sambal nya mantab pedas dan enak.. Namun dagingnya terasa kecut atau masam.. Mungkin karena pengiriman jauh dengan waktu 3 sampai 4 hari mumbuat kualitas rasanya berkurang,4
"OSENG BALAYAR PAKET BALAYAR 3 VARIAN, Variasi: BADAI (Pedas 100%)",Selalu order terus endul bikin nasi cepet ludes,4
"OSENG BALAYAR PAKET BALAYAR 3 VARIAN, Variasi: BADAI (Pedas 100%)",Maap kasih bintang 2... kali ini gak recomended... Lagi2 yg daging bermasalah.. walaupun udah dikirim 2x masih asem dan ngembung plastiknya.. daging nya pun gk ada... Tp thanks deh... Next kwalitas ditingkatkan lg.. jgn mau untung nya aja...,2
"OSENG BALAYAR PAKET BALAYAR 3 VARIAN, Variasi: BADAI (Pedas 100%)",Yg lain enak seperti biasanya aku pesen tp syg nya Ayam paleko nya basi dan kemasan sudah gelembung â˜¹ï¸â˜¹ï¸,2
"OSENG BALAYAR PAKET BALAYAR 3 VARIAN, Variasi: BADAI (Pedas 100%)",Produk sbanrnya oke cumn syg smpe ke saya udh basi kecuali yg cakalang suwirnyağŸ˜«,2
"OSENG BALAYAR PAKET BALAYAR 3 VARIAN, Variasi: OMBAK (Pedas 50%)",Yg oseng mercon daging isinya 80% Kikil 20% Daging Dagingnya sedikit bgt sumpah,2
"OSENG BALAYAR PAKET BALAYAR 3 VARIAN, Variasi: BADAI (Pedas 100%)","Makanannya sudah basi begitu diterima, sangat disayangkan. pdhal sdh ikut sesuai instruksi dikemasan dengan lsg di panaskan. Maaf saya kasih bintang 2,",2
"OSENG BALAYAR PAKET BALAYAR 3 VARIAN, Variasi: OMBAK (Pedas 50%)",Minyaknya meluber semua ğŸ¤¦ kyaknya bocor saat pengiriman... Porsinya sangat sedikit... Yaa... yg penting udah di coba lah....,2
"OSENG BALAYAR PAKET BALAYAR 3 VARIAN, Variasi: OMBAK (Pedas 50%)",Yg daging asem gak bisa dimakan sama sekali. Td nya pas numis udh kecium bau asemnya trs dicicip udah asem bgt :( jd nya kebuang gt aja syg bgt. Yg ikan sm ayam blm dibuka semoga aja masih bagus,2
"OSENG BALAYAR PAKET BALAYAR 3 VARIAN, Variasi: BADAI (Pedas 100%)","Basi, mungkin krn kelamaan dijalan",2
"OSENG BALAYAR PAKET BALAYAR 3 VARIAN, Variasi: OMBAK (Pedas 50%)",Pengirimannya lambat,2
"Eatsambel - Paket Favorit Mas Yangun, Variasi: CUMI-CKL-AYM [120GR]",Tingkatkan lagi untuk penambahan isinya ayam suwir krg bnyk isix ayamnyağŸ˜ğŸ™ğŸ¼klo soal rasa mah juara semua menuxğŸ˜ğŸ¤¤next time mau pesan lagi Order ğŸ¥°ğŸ˜‡,4
"Eatsambel - Paket Favorit Mas Yangun, Variasi: CUMI-CKL-AYM [120GR]",Pengiriman cepat dibandingkan keterangan yg dibuat. Kemasana bagus dan sempurna. Design kemasan juga aman. Saya sudah coba untuk varian acikiwir. Saya sangat pecinta sambel. Segala jenis sambel saya makan. Untuk saya yg suka pedes. Ini masih kurang. Nempel dilihat diberasa apa2. Gak tahu varian yg lain. Tapi beda org beda selera.,4
"Eatsambel - Paket Favorit Mas Yangun, Variasi: CUMI-CKL-AYM [120GR]","Rasanya ada gurih, asin, rasa bawang putih, enak makan sama telor dadar, oke lah kalo ga ad lauk makan pake smbel aja . Mau ditambahin lauk lg lebih enak. Saya suk smbal cakalang nya ga terlalu berminyak. Enak.",4
"Eatsambel - Paket Favorit Mas Yangun, Variasi: CUMI-CKL-AYM [120GR]","Rasa enak makyuuss mantap, gak kalah sama yang mahal banget. Anak saya yang pengen ini dan keturutan dong bisa makan inj. Bahagianya kegirangan pokoknya mah",4
"Eatsambel - Paket Favorit Mas Yangun, Variasi: CUMI-CKL-AYM [120GR]",Yang belum mencoba silahkan di coba...saya sekali nyoba rasanya maknyussss bosss..,4
"Eatsambel - Paket Favorit Mas Yangun, Variasi: CUMI-CKL-AYM [120GR]","Responnya baik, pengirimannya lumayan cepat, dan semoga rasanya sesuai selera saya",4
"Eatsambel - Paket Favorit Mas Yangun, Variasi: CUMI-CKL-AYM [120GR]","Rasanya enak dan baru di coba yang sambel cumi nya , pedes nya pas. Semoga yang lain juga rasanya enak .",4
"Eatsambel - Paket Favorit Mas Yangun, Variasi: CUMI-CKL-AYM [120GR]","Datang tepat waktu, dikemas dengan rapi. Sukses selalu eat sambel",4
"Eatsambel - Paket Favorit Mas Yangun, Variasi: CUMI-CKL-AYM [120GR]","Rasanya asin, bagi yang suka sambal pedas manis mungkin perlu ditambah gula merah.",4
"Eatsambel - Paket Favorit Mas Yangun, Variasi: CUMI-CKL-AYM [120GR]","Kl aq sih pribadi cm ngilangin rasa pnasaran aja,, kl udh tau rasa ydh gk akan balik beli lg. . produknya cm dikasih dikit bgt, yg bnyak itu minyaknya.. gk worth it mnurutku..bkn jualan cumi ini mah jualan minyak cabe . .",2
"Eatsambel - Paket Favorit Mas Yangun, Variasi: CUMI-CKL-AYM [120GR]","Maaf ya bukan menjatuhkan produknya cuman semoga ada perbaikan, karna kasihan yg beli. Kecewa sih harga mahal isinya cuman setengah kebanyakan minyak lagi, satu kaleng ada yg tulisannya cuman 90 gram seharusnya 120 gram",2
"Eatsambel - Paket Favorit Mas Yangun, Variasi: CUMI-CKL-AYM [120GR]","Sayang bgt padahal packagingnya bagus bgtt tapi rasanya kurang di lidah saya, jauh dari ekspektasi tp gaperlu di refund sih ya walaupun slogannya klo gaenak garansi uang kembali makasih seller",2
"Eatsambel - Paket Favorit Mas Yangun, Variasi: CUMI-CKL-AYM [120GR]",Menurut ku harga nya kemahalan deh 29 rb satu nya dgn ukuran sekecil itu kalo beli mending mikir mikir dulu deh Jagan tergiur dgn iklan Bagus dipacking nya aja kali rasa lebih enakan buatan sendiri,2
"Eatsambel - Paket Favorit Mas Yangun, Variasi: CUMI-CKL-AYM [120GR]","Ayam suir sangattttttt manis, yang lain nya rasanya agak aneh menurut saya. TAPI SELERA ORANG BERBEDA BEDA.. bintang ini hanya untuk Rasa menurut sayaa.",2
"Eatsambel - Paket Favorit Mas Yangun, Variasi: CUMI-CKL-AYM [120GR]","Kenapa tidak sesuai deskripsi? Harusnya sambel cumi 120gr, ayam suwir 120gr, cakalang 90gr. Ini malah ayam suwirnya 90gr, sedikit kecewaâ˜¹ï¸ tolong di cek lagi ya sebelum dikirim",2
"Eatsambel - Paket Favorit Mas Yangun, Variasi: CUMI-CKL-AYM [120GR]","Kesalahan pertama, pengiriman yang lama bgt hampir hilang malahan. Katanya dibantu follow up, saya sabar disini. Kesalahan kedua, ternyata tidak ada informasi mengenai berat sambel (leads baru) yg berbeda dari orderan. Kesalahan ketiga, varian nya ad yg kembar dan jatuhnya tetap tidak sesuai orderan. Makasih ya eatsambel tp ga lagi",2
"Eatsambel - Paket Favorit Mas Yangun, Variasi: CUMI-CKL-AYM [120GR]","Rasa: mnurut ku cakalangnyaa asiiinnn bangett, dn sambel nya kurang kering dn kurang berminyak.",2
"Eatsambel - Paket Favorit Mas Yangun, Variasi: CUMI-CKL-AYM [120GR]","Nyesel Sih, packing Nya Bagus, Tempat & Segalanya Bagus banget, Tapi Pas Di cobain kok sambel Nya Udah Asem,Udah Nggk Enak lagiğŸ˜­ Padahal Udah Lama Banget Pengen Nyoba, Eh Sekali Nya Nyoba Malah Asem& Basi Kek Nya",2
"Eatsambel - Paket Favorit Mas Yangun, Variasi: CUMI-CKL-AYM [120GR]",Ga terlalu suka sih sama rasanya dan biasa biasa aja jadi kayaknya bakalan refund aja,2
,,
SAMBAL CUMI ASIN MR. CRISPY,"Untuk rasa standarrr ky sambel cumi biasanya menurutku.. tapi ini packingnya aman bgtt, pedes nya buangett klo buat yg ga terlalu suka pedes. Tp mantapp siiğŸ‘ğŸ» isinya jg lumayan banyak",4
SAMBAL CUMI PETE MR. CRISPY,"For the 1st time cobain sambel mr crispy, dan rasanya ternyata enak, pedesnya cukup gak asin gak lebay juga rasanya, packaging cantik banget dan pengiriman cepat serta selamat sampai tujuan, sukses terus untuk mr crispy",4
SAMBAL CUMI ASIN MR. CRISPY,"Pengemasan nya ok bangett., baguss dan aman., produk original tapi belum bisa komentar rasa karena belum dicoba., nanti buka puasa baru dicoba yaa.,, semoga enak kalo enak bakalan langganan.,, mantepp sii ini.,,",4
SAMBAL CUMI PETE MR. CRISPY,Pengemasan top banged.... Udah kardus pake bublewrap lagi.... Tempat sambalnya juga oke gk kecil.... Rasa sambalnya enak.... Pedes ... Agak asin menurut saya ... Tp tergantung selera ya... Cuminya juga isinya banyak... Gk kbykan sambal kayak toko sebelah... Intinya puas deh,4
SAMBAL CUMI ASIN MR. CRISPY,"Kualitas produk baik, packing rapi, kecepatan pengiriman baik, respon penjual baik, recomended",4
SAMBAL CUMI ASIN MR. CRISPY,"Sambelnya sih ga terlalu pedas, cumi asin nya banyak ga pelit isinya. Rasanya pas ga terlalu asin. Thanks seller",4
SAMBAL CUMI ASIN MR. CRISPY,"Pengiriman ok, kemasan keren, rapi dgn box, respon penjual ok, rasanya asin pedas mantulğŸ‘ŒğŸ‘ŒğŸ‘Œ",4
SAMBAL CUMI ASIN MR. CRISPY,"Awalnya coba-coba, krn saya tipikal pedas asin sambil ini gak masuk ke lidah saya yg karakteristik rasanya asem dan asin. Tp harganya terjangkau jauh di bawah sambal lain.",4
SAMBAL CUMI ASIN MR. CRISPY,"Pengiriman relatiflah, tepat waktu. Rasanya mantapğŸ‘ Harga oke lagi, di mall Shopee lagiii. Recommended sih. Tempatnya mungil ucul, kalo udah habis tempat bisa dipake buat yg lain",4
SAMBAL CUMI PETE MR. CRISPY,"Cuminya tdk terlihat bgt mgkn menyatu dgn sambalnya, petainya cukup tercium ğŸ˜‚ mayan lah kl krg lauk ksh ini simple",4
SAMBAL CUMI ASIN MR. CRISPY,Rasa kurang sebanding dengan harga. Tidak fresh. Terlalu asin. Semoga bisa diperbaiki rasanya,2
SAMBAL CUMI ASIN MR. CRISPY,"JUJUR rasanya enak bg, tp utk harga segini cuminya dikit bgt nggak lebih dari 3 sendok makan mungkin. Tolong kedepannya lebih diperhatikan lagi kebersihan proses produksi nya masa di sambel sy ada lalat ijonya jd gk nafau makan. PADAHAL ENAK BGT",2
SAMBAL CUMI PETE MR. CRISPY,Isi gak bnyak Terlalu banyak sambal...,2
SAMBAL CUMI PETE MR. CRISPY,"Pengiriman super duper lama, isinya dikit cuma bisa 2 kali makan sendiri, rasanya nggak kayak sambel, enakan bikin sendiri. Yah bukan selera saya intinya,bisa jadi di saya nggak enak tapi di orang lain enak kan ya. Kemarin beli karena penasaran aja. Maaf yah",2
SAMBAL CUMI ASIN MR. CRISPY,Sambal cumi tapi kok ga ada cumi nya sama sekali. Ini mah cuma sambal aja. Maaf bintang 2 dri aku.,2
SAMBAL CUMI ASIN MR. CRISPY,"Pesan sambal cumi pertama kali enak bgt, pedes standar dan cuminya beneran asin dan empuk kenyal. Kali ini cuminya alot dan nggak asin sama sekali, sambelnya jg pedes bgt ğŸ¥²",2
SAMBAL CUMI PETE MR. CRISPY,"Baru sampe blm dicoba,mestinya rasanya mantap lah..terimakasih seller,terimakasih shopee dan terimakasih jg kurir",2
SAMBAL CUMI ASIN MR. CRISPY,"Packagingnya bagus bgttt, pengiriman juga tepat waktuu. Sempet salah harusnya sapi dikirimnya bebek tapi seller kembaliin uang lebihnya. Makasih Aku ubah penilaiannya, ternyata satu sambel yg ayam isinya asem pdhl baru dibuka bangett, syg bgt jd mubazir",2
SAMBAL CUMI PETE MR. CRISPY,Cuminya cuma 2 potong. Minyak ta buanyakk bgt,2
SAMBAL CUMI PETE MR. CRISPY,Menyesal sya beli banyak...cpt basi padahal packingan nya cukup bagus apa krna lama dipengiriman kali ya,2
,,
"Sambal cakalang lona kitchen, Variasi: Pedas normal
",Tidak terlalu pedas. Cakalang tidak terasa. Packing rapih dan aman. Pengiriman cepat sesuai jadwal.,4
"Sambal cakalang lona kitchen, Variasi: Extra Pedas
","Packingnya aman banget, bubble wrap tebel, packing box juga, adminnya juga ramah banget Pesen yg extra pedas kirain beneran bakal pedes banget tapi pas dicoba ga pedes sama sekali :( Rasa sambelnya enak tapi ikan cakalangnya agak keras",4
"Sambal cakalang lona kitchen, Variasi: Extra Pedas
","Pengemasannya bagus, tidak ada cacatnya.. Rasa sambal nya juga enak banget.",4
Sambal Naknan Bawang Level 5,Rasa: belum coba tp dari wanginya sih enak ya,4
Sambal Naknan Bawang Level 1,Rasanya enak tp lumayan pedas padahal level 1,4
Sambal Naknan Bawang Level 5,Semoga rasanya puedes dan enak Biar bisa repeat ordered,4
Sambal Naknan Bawang Level 3,"Rasa sambal enak, level 3 cukup pedas Pengemasan 3 hari, pengiriman 2 hari",4
Sambal Naknan Bawang Level 5,"Rasanya bikin nagih, recommended bgt,bsok bkl repeat order lgi,buat pecinta pedes wajib bgt coba,mksih seller, mksih kurir, mksih shopee ğŸ™ğŸ»",4
Sambal Naknan Bawang Level 3,sambalnya pada blepotan.ğŸ¥¹ğŸ˜­,4
Sambal Naknan Bawang Level 3,Pengiriman super lama,4
Paket Isi 10 Sachet Naknan Sambal Bawang ,"Sambelnya enak, level tiga ngga pedes menurut sayağŸ˜‚ next mau pesen yang level 5",4
"Sambal cakalang lona kitchen, Variasi: Extra Pedas
","Kalau pecinta pedas pasti kurang level pedasnya (walaupun udh order yg extra pedas) Mungkin karna sambalnya pake cabe merah. Jadi ini saya tambahin ulek pake cabe rawit sm garem dikit dan dimasak lagi, jadinya toppp markotop bun.. Boleh di tiru yah ğŸ˜",4
"Sambal cakalang lona kitchen, Variasi: Pedas normal
",Pengirimannya cepat. Sambalnya lumayan pedes. Rasanya spt balado ikan tapi tergantung selera orang sih soalnya spt masakan rumah mamaku.. lumayanlah,4
"Sambal cakalang lona kitchen, Variasi: Extra Pedas
","Packegingnya super duper aman dilapisin buble wrap berlapis2 kayak tango, pesen yg extra pedas tapi masih kurang pedes utk aku thanks seller",4
"Sambal cakalang lona kitchen, Variasi: Pedas normal
","Setelah dicoba, ternyata gak pedes sama sekali. Kecewa sih..nyesel. hrs nya pilih yg extra pedas. Soalnya kok gk ada pedes2 nya. Maaf ya saya kasih bintang 4",4
"Sambal cakalang lona kitchen, Variasi: Pedas normal
","Barang sudah sampai, pengirimannya sesuai. Tutup toplesnya kurang rapat, berhubung isinya mudah tumpah jadi agak belepotan. Saran buat penjual dikasih filter lagi ditutupnya supaya packagingnya rapih. Terimakasih",4
"Sambal cakalang lona kitchen, Variasi: Pedas normal
",Rasa sambelnya lumayan enak.. ikan cakalangnya isinya banyak.. pengiriman produk standar..,4
"Sambal cakalang lona kitchen, Variasi: Extra Pedas
","Bagi saya masih kurang pedes ğŸ˜ Adminnya mau krmn gratis yg lebih pedes lagi, ntr nyampe saya ubah bintang 5. Mksh kaa",4
"Sambal cakalang lona kitchen, Variasi: Pedas normal
","Rasa Wuenak, bumbuny terasa banget, rekomended sesuai dng rasany, kualitas baik tapi sayangnya agak lama sampai tempat",2
"Sambal cakalang lona kitchen, Variasi: Extra Pedas
","Biasa aja, mahal, rasa standar",2
"SAMBAL NAGIH - SAMBAL CUMI ASIN TOPLES, Variasi: Toples 200gr",Tidak se enak yang kemasan lama Yg sekarang lebih asin dan agak basi. Komentar jujur.,2
"Eatsambel - Kemasan Icip Icip SEMUA VARIAN RASA, Variasi: 1 CAKALANG [90 GR] ","Untuk aku ini rasanya biasa aja, untuk harga segitu lumayan sih tpi gpp nyobain aja biar ga penasaran. Makasih",2
"Eatsambel - Kemasan Icip Icip SEMUA VARIAN RASA, Variasi: 1 AYAM [120 GR]","mohon maaf nih kok yg dateng 90gr padahal saya C,O nya yg 120gr ğŸ¥² agak kecewa sih tapi gapapa",2
"Eatsambel - Kemasan Icip Icip SEMUA VARIAN RASA, Variasi: 1 AYAM [120 GR]",Kecil sedikt sekali banyak minyaknya isian ikan dan cuminya sedikit,2
"Eatsambel - Kemasan Icip Icip SEMUA VARIAN RASA, Variasi: 1 AYAM [120 GR]","Sambalnya tidak pedas,seharusnya ada varian pedas/tidak pedas.begitu",2
"Eatsambel - Kemasan Icip Icip SEMUA VARIAN RASA, Variasi: 1 AYAM [120 GR]",Agak kecewa karna di keterangan 120 gram yg dateng 90 gram,2
"Eatsambel - Kemasan Icip Icip SEMUA VARIAN RASA, Variasi: 1 AYAM [120 GR]",saya pesan dua yang varian ayam suwir excited sekali sama rasanya eh tau-taunya pas datang rasa aneh kek ada asam2 kecut kecut begitu. Kek untuk 30 ribu tidak worth it sekali sumpah. Kecewa deh,2
"Eatsambel - Kemasan Icip Icip SEMUA VARIAN RASA, Variasi: 1 CUMI [120 GR] ","utk rasa biasa aja menurut ku , lebih banyak rasa ke pedas nya aja dibanding cumi atau ikan cakalang nya .",2
"Eatsambel - Kemasan Icip Icip SEMUA VARIAN RASA, Variasi: 1 CUMI [120 GR] ",Cepat... Asin banget mnrut aku. Trus kurg pedas tp lumayanlah,2
"Eatsambel - Kemasan Icip Icip SEMUA VARIAN RASA, Variasi: 1 TUNA ASAP [120 GR] ","Kalo mau kirim jangan kaya gini lah bang lu gw beli 36ribu bisa beli nasi Padang sama gado gado, mana ngk sesuai sama di gambar banyak potongan isian dagingnya ğŸ—¿ RASA PEDES NYA ENAK TAPI LU KASIH GW 1 PTONG IKAN",2
"Eatsambel - Kemasan Icip Icip SEMUA VARIAN RASA, Variasi: 1 AYAM [120 GR]","Sampeny cpt bgtt, tp gua ga suka sama rasanya kurang enak. Sambelnya maniss bgtt bnyk minyaknya gua ga boong yaa review jujur ini, tp ayamny ga pelitt woii bnyk gt.",2
"Eatsambel - Kemasan Icip Icip SEMUA VARIAN RASA, Variasi: 1 AYAM [120 GR]","Yang cumi enak pedes.. yang ayam, sesuai klaimnya ga terlalu pedes, bahkan ga pedes menurut saya tapi ayamnya keras jadi kurang nikmat",2
"Eatsambel - Kemasan Icip Icip SEMUA VARIAN RASA, Variasi: 1 CUMI [120 GR] ","Untuk segi pengemasan si oke, tapi ini bener bener kaya udah basi. Bukannya nafsu makan malah yang ada kaya mau muntah padahal udah dipengenin dari lama sekalinya beli kaya gini Gatau deh mau ngomong apa jujur kecewa apalagi harga nya cukup mahal lah ya untuk anak kost. Niatnya buat stok akhir bulan malah gada yang bisa dimakan.",2
SAMBAL CUMI ASIN MR. CRISPY,"ok setelah aku coba ya sambelnya sumpah ini ga cocok di lidah ku ini bener bener asiiiinnnnnnnnnn bangetttt ga ada pedes nya, ga ada manisnnya, karna aku sukannya pedes manis asin ini fix ga masuk, lebih baik bikin sendiri untuk harga pun ini trlallu mahal ya trimakasih.ga akan beli lagi sepertinnta",2
SAMBAL CUMI PETAI MR. CRISPY,"mo nangisssss, rasanya asin bngt kek makan garemmmmm:((((",2
SAMBAL CUMI ASIN MR. CRISPY,Menurut aku pedes bangettttttttğŸ˜­ asin banget jugaaaa ga cocok dilidah akuğŸ¥² packingnya rapi aman sihğŸ‘ cuma rasanya terasa bgt pengawet nya.. Enak sambal rumahan aja dehğŸ™ so sorry,2
"SAMBAL NAGIH - SAMBAL MATAH TOPLES, Variasi: Tanpa Toples","Umur simpan blgnya 30 hari. Tp di saya 8 hari udh basi, asem baunya. Pdhl blm dibuka samsek",2
"SAMBAL NAGIH - SAMBAL MATAH TOPLES, Variasi: Sachet ","Masalah packing n ada yg bocor,pengiriman lama dan udqh kayak bau asam",2
"Eatsambel - Paket Favorit Mas Yangun, Variasi: CUMI-CKL-AYM [120GR]","RASA BIASA AJA KALAU MAU BELI DIPIKIR2 LAGI DLU SARAN SYA JANGAN KEMAKAN IKLAN/REVIEW. JAUH LEBIH BAIK BIKIN SAMBEL SENDIRI. SUDAH DIKONFIRMASI BERAT BERSIH 120GR DN BERAT KOTOR 220GR. BARU SYA BUKA LANGSUNG KAGET KARNA ISINYA KURANG DARI SETENGAH CUP SAMBAL, LANGSUNG SYA TIMBANG DAN HASILNYA SANGAT TIDAK SESUAI DENGAN BERAT KOTOR YG DI SAMPAIKAN ADMIN.",1
"Eatsambel - Paket Favorit Mas Yangun, Variasi: CUMI-CKL-AYM [120GR]","Maaf ya eat sambel saya kasih riview buruk, ini sumpah sejujur jujurny, saya beli paket icip , dan seneng banget sama cumi, dan ini pertama kali saya cobain sambelny eat sambel, eh baru saya cobain stengaah cupny, pake nasi putih doang, itu setengah cupny bnyak cabe doang, dan cuminy itu potongan baby cumi dan dikit bnget, , hambar dan pedes doang rasanya, bad",1
"Eatsambel - Paket Favorit Mas Yangun, Variasi: CUMI-CKL-AYM [120GR]","bener bener isinya setengahpun ga ada,kenapa kemasannya gede dan isinya seiprit gini,baru ambil yang cumi dan cuminya juga seipritğŸ¥²ğŸ¥²",1
"Eatsambel - Paket Favorit Mas Yangun, Variasi: CUMI-CKL-AYM [120GR]","Padahal liat orang review ini sambel kek bikin ngiler, terus pas nyampe exited bgt dan ternyata gatau gua dapet sialnya ini yg ayam suir sumpah asem bgt bgt ya Allah seasem itu. Padahal expirednya masih lama tapi ga ngerti juga kenapa bisa seasem ini",1
"Eatsambel - Paket Favorit Mas Yangun, Variasi: CUMI-CKL-AYM [120GR]",Awal beli yg cumi nya doang suka bgt enak beli yg ke 2 kali biar beli yg agak banyak dikit malh basi. Lain kali di perhatiin lgi ya admin,1
"SAMBAL NAGIH - SAMBAL CUMI ASIN TOPLES, Variasi: Toples 200gr",Saya pesen sambal cumi yang datang malah sambal nagih matah,1
"SAMBAL NAGIH - SAMBAL CUMI ASIN TOPLES, Variasi: Toples 200gr",B aja,1
SAMBAL NAGIH - ANEKA SAMBAL ICIP ICIP VARIASI BAWANG ICIP 35 GR,Pengiriman nya lama dengan si cepat reguler,1
By NCC Sambel Matah Pedas Gurih Ala Rumahan / Bumbu Masak Makanan Cepat Saji Termurah,"Kelamaan di jalan apalagi pengiriman pake si cepat halu selalu nyasar, padahal pake ekspedisi lain kyk JNT atau JNE selalu bagus. Alhasil basi karena kelamaan di pengiriman. Rasanya udah asem dan minyaknya bleber. Mau retur tp pengirimannya aja hampir seminggu:))",1
By NCC Sambel Matah Pedas Gurih Ala Rumahan / Bumbu Masak Makanan Cepat Saji Termurah,"Packing kurang rapi, sampe paketnya dibuka aja semua uda berminyak kali smpe meleber kemanaâ€ Uda pernah coba punya kawan karna perna beli, rasa enak makanya decided utk beli Cmn pertama kali beli uda kecewa karna packing ga rapi dan berminyakan smpe kemana mana",1
By NCC Sambel Matah Pedas Gurih Ala Rumahan / Bumbu Masak Makanan Cepat Saji Termurah,"pemesanan kedua sgt kecewa, minyak tumpah dimana mana dan rasanya sudah asem sprti basi..",1
By NCC Sambel Matah Pedas Gurih Ala Rumahan / Bumbu Masak Makanan Cepat Saji Termurah,Tuk luar pulau jawa saya rasa tidak di rekomendasikan.,1
By NCC Sambel Matah Pedas Gurih Ala Rumahan / Bumbu Masak Makanan Cepat Saji Termurah,"sudah basi saat diterima. pengiriman dg sicepat sampai seminggu, padahal satu kota jakarta.",1
"SamBhojo - Sambal Sachet 20gr, Variasi: Sambal Baby cumi,Jinak","Rasa asin doang, isi topingnya sedikitt , udah kapok,cukup order 1x aja",1
"SamBhojo - Sambal Sachet 20gr, Variasi: Sambal Udang,Galak",Sambal botol nya tdk ada Hanya ada sambal sachet Minta tolong dikirim dong Di chat gak ada respon,1
"SamBhojo - Sambal Sachet 20gr, Variasi: Baby cumi Pete,Galak",Minta varian rasa beda yg d kirim sama rasa,1
"SamBhojo - Sambal Sachet 20gr, Variasi: Sambal Baby cumi,Galak",Pengirim dari penjual cepet tapi pengiriman kurir sangat telat pakek sicepat halu selalu telat tdk tepat waktu,1
"SamBhojo - Sambal Sachet 20gr, Variasi: Roa Asap,Galak","Maaf segini bintang nya, maaf maaf Pertama kali nyoba sambelnya enak, benerÂ² enak. Tiba-tiba malemnya sakit perut, benerÂ² sakit",1
"SamBhojo - Sambal Sachet 20gr, Variasi: Sambal bawang pete,Galak",Maaf saya kasih bintang 1 rasa sambel nya nggk enak... Bikin neg trs makan sambel malah jadi nya mual... Order sambal ati... Ati nya masih mentah trs rasanya juga nggk enak banget... Jadi nya malah aku buang ...,1